,l2_kdf,l2_rf,linf_kdf,linf_rf,err_kdf,err_rf,err_adv_kdf,err_adv_rf,rep,samples_attack,samples
0,0.0,0.003999999724328518,0.0,0.003999999724328518,0.2808988764044944,0.2752808988764045,0.0,0.020000000000000018,0,50,179
1,0.0006756841903552413,0.003999925684183836,0.0006756841903552413,0.003999925684183836,0.2752808988764045,0.2808988764044944,0.020000000000000018,0.040000000000000036,1,50,179
2,0.006000001449137926,0.007999925874173641,0.006000001449137926,0.007999925874173641,0.3089887640449438,0.2696629213483146,0.040000000000000036,0.06000000000000005,2,50,179
3,0.011999418959021568,0.003995500970631838,0.011999418959021568,0.003995500970631838,0.3146067415730337,0.2528089887640449,0.07999999999999996,0.040000000000000036,3,50,179
4,0.005999963264912367,0.005999943241477013,0.005999963264912367,0.005999943241477013,0.3370786516853933,0.3089887640449438,0.040000000000000036,0.040000000000000036,4,50,179
