,l2_kdf,l2_rf,linf_kdf,linf_rf,err_kdf,err_rf,err_adv_kdf,err_adv_rf,rep,samples_attack,samples
0,0.0166767667979002,0.03999838978052139,0.0166767667979002,0.03999838978052139,0.35,0.296969696969697,0.09999999999999998,0.21999999999999997,0,50,134
1,0.018188107758760452,0.026193073019385338,0.017999624833464622,0.025999480858445168,0.33333333333333337,0.30000000000000004,0.12,0.16000000000000003,1,50,134
2,0.02399967424571514,0.03409072384238243,0.02399967424571514,0.03399120643734932,0.3848484848484849,0.3090909090909091,0.14,0.18000000000000005,2,50,134
3,0.022096576169133186,0.04370570182800293,0.022074956446886063,0.04360548034310341,0.32121212121212117,0.31060606060606055,0.14,0.24,3,50,134
4,0.020074740052223206,0.01999552734196186,0.020074740052223206,0.01999552734196186,0.3151515151515152,0.28787878787878785,0.12,0.16000000000000003,4,50,134
