,l2_kdf,l2_rf,linf_kdf,linf_rf,err_kdf,err_rf,err_adv_kdf,err_adv_rf,rep,samples_attack,samples
0,0.0,0.0,0.0,0.0,0.018803418803418848,0.030199430199430166,0.0,0.0,0,50,703
1,0.0,0.0,0.0,0.0,0.020227920227920193,0.03190883190883187,0.0,0.0,1,50,703
2,0.0,0.0,0.0,0.0,0.0236467236467236,0.03475783475783478,0.0,0.0,2,50,703
3,0.0,0.0,0.0,0.0,0.022222222222222254,0.036467236467236486,0.0,0.0,3,50,703
4,0.0,0.0,0.0,0.0,0.021937321937321896,0.027065527065527117,0.0,0.0,4,50,703
