,l2_kdf,l2_rf,linf_kdf,linf_rf,err_kdf,err_rf,err_adv_kdf,err_adv_rf,rep,samples_attack,samples
0,0.009999994188547134,0.012088203802704811,0.009999994188547134,0.0119999460875988,0.18644067796610164,0.2584745762711864,0.06000000000000005,0.09999999999999998,0,50,237
1,0.003501699073240161,0.007999991998076439,0.003501699073240161,0.007999991998076439,0.211864406779661,0.23728813559322037,0.06000000000000005,0.040000000000000036,1,50,237
2,0.018010247498750687,0.002256101928651333,0.017998987808823586,0.0019997500348836184,0.1610169491525424,0.18220338983050843,0.09999999999999998,0.020000000000000018,2,50,237
3,0.00400000112131238,0.00799949187785387,0.00400000112131238,0.00799949187785387,0.2457627118644068,0.21610169491525422,0.020000000000000018,0.07999999999999996,3,50,237
4,0.005999965593218803,0.005999984685331583,0.005999965593218803,0.005999984685331583,0.22457627118644063,0.19915254237288138,0.040000000000000036,0.040000000000000036,4,50,237
