,l2_kdf,l2_rf,linf_kdf,linf_rf,err_kdf,err_rf,err_adv_kdf,err_adv_rf,rep,samples_attack,samples
0,0.007999325171113014,0.009999887086451054,0.007999325171113014,0.009999887086451054,0.6985596707818931,0.6358024691358024,0.040000000000000036,0.07999999999999996,0,50,323
1,0.010475498624145985,0.004003270994871855,0.009999681264162064,0.003999999724328518,0.6574074074074074,0.6368312757201646,0.06000000000000005,0.040000000000000036,1,50,323
2,0.0060013472102582455,0.0039997403509914875,0.005998076405376196,0.0039997403509914875,0.7242798353909465,0.6502057613168724,0.06000000000000005,0.040000000000000036,2,50,323
3,0.001999754924327135,0.0019999996293336153,0.001999754924327135,0.0019999996293336153,0.7438271604938271,0.6275720164609053,0.020000000000000018,0.020000000000000018,3,50,323
4,0.010003837756812572,0.0059991562739014626,0.009999747388064861,0.0059991562739014626,0.6851851851851851,0.6460905349794239,0.06000000000000005,0.040000000000000036,4,50,323
