,l2_kdf,l2_rf,linf_kdf,linf_rf,err_kdf,err_rf,err_adv_kdf,err_adv_rf,rep,samples_attack,samples
0,0.012563586235046387,0.0,0.011999920941889286,0.0,0.5046296296296297,0.29166666666666663,0.09999999999999998,0.0,0,50,217
1,0.007999994792044163,0.0,0.007999994792044163,0.0,0.3287037037037037,0.27314814814814814,0.040000000000000036,0.0,1,50,217
2,0.003999999258667231,0.0020000000949949026,0.003999999258667231,0.0020000000949949026,0.3842592592592593,0.31481481481481477,0.020000000000000018,0.020000000000000018,2,50,217
3,0.004040724132210016,0.0,0.003999999724328518,0.0,0.4305555555555556,0.3055555555555556,0.020000000000000018,0.0,3,50,217
4,0.020482292398810387,0.0,0.01999889500439167,0.0,0.2407407407407407,0.20370370370370372,0.09999999999999998,0.0,4,50,217
