,l2_kdf,l2_rf,linf_kdf,linf_rf,err_kdf,err_rf,err_adv_kdf,err_adv_rf,rep,samples_attack,samples
0,0.0,0.0,0.0,0.0,0.3813559322033898,0.38983050847457623,0.0,0.0,0,50,118
1,0.0,0.0,0.0,0.0,0.35593220338983056,0.288135593220339,0.0,0.0,1,50,118
2,0.0,0.0,0.0,0.0,0.4067796610169492,0.31355932203389836,0.0,0.0,2,50,118
3,0.0,0.0,0.0,0.0,0.3220338983050848,0.31355932203389836,0.0,0.0,3,50,118
4,0.0020032692700624466,0.001999974949285388,0.0019999979995191097,0.001999974949285388,0.34745762711864403,0.2457627118644068,0.020000000000000018,0.020000000000000018,4,50,118
