,l2_kdf,l2_rf,linf_kdf,linf_rf,err_kdf,err_rf,err_adv_kdf,err_adv_rf,rep,samples_attack,samples
0,0.0,0.0,0.0,0.0,0.31818181818181823,0.321969696969697,0.0,0.0,0,50,133
1,0.001999511616304517,0.0,0.001999511616304517,0.0,0.29166666666666663,0.2992424242424242,0.020000000000000018,0.0,1,50,133
2,0.0,0.0,0.0,0.0,0.28787878787878785,0.33712121212121215,0.0,0.0,2,50,133
3,0.0,0.0,0.0,0.0,0.33333333333333337,0.321969696969697,0.0,0.0,3,50,133
4,0.003999939188361168,0.0,0.003999939188361168,0.0,0.33712121212121215,0.3522727272727273,0.020000000000000018,0.0,4,50,133
