,l2_kdf,l2_rf,linf_kdf,linf_rf,err_kdf,err_rf,err_adv_kdf,err_adv_rf,rep,samples_attack,samples
0,0.009999999776482582,0.0,0.009999999776482582,0.0,0.24242424242424243,0.3560606060606061,0.06000000000000005,0.0,0,50,134
1,0.007999994792044163,0.0,0.007999994792044163,0.0,0.2272727272727273,0.35757575757575755,0.040000000000000036,0.0,1,50,134
2,0.0019996289629489183,0.0,0.0019996289629489183,0.0,0.23030303030303034,0.36818181818181817,0.020000000000000018,0.0,2,50,134
3,0.004000000189989805,0.0059999702498316765,0.004000000189989805,0.0059999702498316765,0.21060606060606057,0.3545454545454545,0.020000000000000018,0.040000000000000036,3,50,134
4,0.0,0.0,0.0,0.0,0.2439393939393939,0.35757575757575755,0.0,0.0,4,50,134
