,l2_kdf,l2_rf,linf_kdf,linf_rf,err_kdf,err_rf,err_adv_kdf,err_adv_rf,rep,samples_attack,samples
0,0.0,0.0,0.0,0.0,0.31355932203389836,0.288135593220339,0.0,0.0,0,50,118
1,0.0,0.0,0.0,0.0,0.34745762711864403,0.288135593220339,0.0,0.0,1,50,118
2,0.0,0.0,0.0,0.0,0.35593220338983056,0.39830508474576276,0.0,0.0,2,50,118
3,0.0,0.0,0.0,0.0,0.288135593220339,0.30508474576271183,0.0,0.0,3,50,118
4,0.005476364865899086,0.0,0.005476364865899086,0.0,0.22881355932203384,0.2542372881355932,0.040000000000000036,0.0,4,50,118
