,l2_kdf,l2_rf,linf_kdf,linf_rf,err_kdf,err_rf,err_adv_kdf,err_adv_rf,rep,samples_attack,samples
0,0.0,0.0,0.0,0.0,0.050000000000000044,0.1166666666666667,0.0,0.0,0,50,134
1,0.0,0.003999662585556507,0.0,0.003999662585556507,0.045454545454545414,0.12272727272727268,0.0,0.040000000000000036,1,50,134
2,0.0,0.0,0.0,0.0,0.0636363636363636,0.13787878787878793,0.0,0.0,2,50,134
3,0.0,0.0,0.0,0.0,0.05757575757575761,0.11818181818181817,0.0,0.0,3,50,134
4,0.0,0.0,0.0,0.0,0.0636363636363636,0.1106060606060606,0.0,0.0,4,50,134
