,l2_kdf,l2_rf,linf_kdf,linf_rf,err_kdf,err_rf,err_adv_kdf,err_adv_rf,rep,samples_attack,samples
0,0.003751334035769105,0.0,0.003751334035769105,0.0,0.024630541871921152,0.014778325123152691,0.040000000000000036,0.0,0,50,406
1,0.005999999586492777,0.003999999724328518,0.005999999586492777,0.003999999724328518,0.054187192118226646,0.03448275862068961,0.020000000000000018,0.020000000000000018,1,50,406
2,0.0,0.0,0.0,0.0,0.03448275862068961,0.012315270935960632,0.0,0.0,2,50,406
3,0.001999497413635254,0.002528297947719693,0.001999497413635254,0.002528297947719693,0.022167487684729092,0.0049261083743842304,0.020000000000000018,0.020000000000000018,3,50,406
4,0.0,0.0,0.0,0.0,0.041871921182266014,0.0049261083743842304,0.0,0.0,4,50,406
