,l2_kdf,l2_rf,linf_kdf,linf_rf,err_kdf,err_rf,err_adv_kdf,err_adv_rf,rep,samples_attack,samples
0,0.001999411266297102,0.001999966101720929,0.001999411266297102,0.001999966101720929,0.2857142857142857,0.1428571428571429,0.020000000000000018,0.020000000000000018,0,50,72
1,0.0,0.0,0.0,0.0,0.34285714285714286,0.27142857142857146,0.0,0.0,1,50,72
2,0.0,0.0,0.0,0.0,0.2857142857142857,0.17142857142857137,0.0,0.0,2,50,72
3,0.0,0.0,0.0,0.0,0.30000000000000004,0.22857142857142854,0.0,0.0,3,50,72
4,0.0,0.0,0.0,0.0,0.2571428571428571,0.24285714285714288,0.0,0.0,4,50,72
