,l2_kdf,l2_rf,linf_kdf,linf_rf,err_kdf,err_rf,err_adv_kdf,err_adv_rf,rep,samples_attack,samples
0,0.037466250360012054,0.026036404073238373,0.03651787340641022,0.02599971741437912,0.21363636363636362,0.2742424242424243,0.19999999999999996,0.18000000000000005,0,50,134
1,0.024519167840480804,0.014006061479449272,0.023999927565455437,0.013999695889651775,0.21060606060606057,0.2727272727272727,0.14,0.09999999999999998,1,50,134
2,0.060501135885715485,0.018025361001491547,0.05999224632978439,0.01799835078418255,0.2257575757575757,0.2848484848484848,0.31999999999999995,0.14,2,50,134
3,0.03647870197892189,0.020007729530334473,0.03599804267287254,0.01999993808567524,0.23484848484848486,0.26969696969696966,0.21999999999999997,0.14,3,50,134
4,0.05848740041255951,0.036577969789505005,0.05799763277173042,0.03599930182099342,0.21818181818181814,0.23939393939393938,0.33999999999999997,0.24,4,50,134
