,l2_kdf,l2_rf,linf_kdf,linf_rf,err_kdf,err_rf,err_adv_kdf,err_adv_rf,rep,samples_attack,samples
0,0.0019999456126242876,0.013999746181070805,0.0019999456126242876,0.013999746181070805,0.2798165137614679,0.07110091743119262,0.020000000000000018,0.09999999999999998,0,50,219
1,0.007999995723366737,0.02199951931834221,0.007999995723366737,0.02199951931834221,0.3142201834862385,0.050458715596330306,0.040000000000000036,0.14,1,50,219
2,0.003999295178800821,0.012122470885515213,0.003999295178800821,0.012000000104308128,0.3004587155963303,0.06880733944954132,0.020000000000000018,0.06000000000000005,2,50,219
3,0.00200000056065619,0.030010242015123367,0.00200000056065619,0.029998982325196266,0.29587155963302747,0.059633027522935755,0.020000000000000018,0.24,3,50,219
4,0.0039994860999286175,0.020033683627843857,0.0039994860999286175,0.019999733194708824,0.2981651376146789,0.0665137614678899,0.020000000000000018,0.14,4,50,219
