,l2_kdf,l2_rf,linf_kdf,linf_rf,err_kdf,err_rf,err_adv_kdf,err_adv_rf,rep,samples_attack,samples
0,0.0037471915129572153,0.0,0.0037471915129572153,0.0,0.41666666666666663,0.47916666666666663,0.040000000000000036,0.0,0,50,33
1,0.017963679507374763,0.0,0.017912641167640686,0.0,0.47916666666666663,0.5625,0.09999999999999998,0.0,1,50,33
2,0.0,0.0,0.0,0.0,0.22916666666666663,0.35416666666666663,0.0,0.0,2,50,33
3,0.0,0.0,0.0,0.0,0.1875,0.29166666666666663,0.0,0.0,3,50,33
4,0.00714464345946908,0.0,0.005999388638883829,0.0,0.35416666666666663,0.47916666666666663,0.040000000000000036,0.0,4,50,33
