,l2_kdf,l2_rf,linf_kdf,linf_rf,err_kdf,err_rf,err_adv_kdf,err_adv_rf,rep,samples_attack,samples
0,0.04508355259895325,0.0,0.044998496770858765,0.0,0.12142857142857144,0.13571428571428568,0.24,0.0,0,50,141
1,0.06081266328692436,0.0019985961262136698,0.06080286204814911,0.0019985961262136698,0.0714285714285714,0.09285714285714286,0.31999999999999995,0.020000000000000018,1,50,141
2,0.024257278069853783,0.0019999747164547443,0.02422250248491764,0.0019999747164547443,0.07857142857142863,0.09999999999999998,0.16000000000000003,0.020000000000000018,2,50,141
3,0.07005336880683899,0.006038503721356392,0.06999386101961136,0.005999975372105837,0.09999999999999998,0.05714285714285716,0.33999999999999997,0.06000000000000005,3,50,141
4,0.09280786663293839,0.0,0.09276822954416275,0.0,0.06428571428571428,0.0714285714285714,0.5,0.0,4,50,141
