,l2_kdf,l2_rf,linf_kdf,linf_rf,err_kdf,err_rf,err_adv_kdf,err_adv_rf,rep,samples_attack,samples
0,0.003999999724328518,0.004001547582447529,0.003999999724328518,0.00400000112131238,0.15224358974358976,0.15865384615384615,0.020000000000000018,0.020000000000000018,0,50,417
1,0.0019997337367385626,0.00200000056065619,0.0019997337367385626,0.00200000056065619,0.1530448717948718,0.17227564102564108,0.020000000000000018,0.020000000000000018,1,50,417
2,0.0,0.00399947352707386,0.0,0.00399947352707386,0.1626602564102564,0.15865384615384615,0.0,0.040000000000000036,2,50,417
3,0.00400000112131238,0.001878133392892778,0.00400000112131238,0.001878133392892778,0.14503205128205132,0.15625,0.020000000000000018,0.020000000000000018,3,50,417
4,0.0,0.0,0.0,0.0,0.14423076923076927,0.16185897435897434,0.0,0.0,4,50,417
