,l2_kdf,l2_rf,linf_kdf,linf_rf,err_kdf,err_rf,err_adv_kdf,err_adv_rf,rep,samples
0,5.2467145919799805,6.415754795074463,2.494384288787842,3.4192137718200684,0.07440100882723832,0.14612232030264816,1.0,0.8,0,12740
1,6.035253047943115,7.801398277282715,2.650214433670044,4.031796932220459,0.07518915510718793,0.1462799495586381,1.0,1.0,1,12740
