,l2_kdf,l2_rf,linf_kdf,linf_rf,err_kdf,err_rf,err_adv_kdf,err_adv_rf,rep,samples_attack,samples
0,0.22949516773223877,420.0590515136719,0.19251258671283722,402.1419982910156,0.31212121212121213,0.2772727272727272,0.88,1.0,0,50,134
1,0.7273997664451599,205.05328369140625,0.6120120882987976,198.02769470214844,0.3303030303030303,0.2803030303030303,0.8,1.0,1,50,134
2,0.2782713770866394,40.043636322021484,0.22842296957969666,38.83198165893555,0.3303030303030303,0.3015151515151515,0.84,1.0,2,50,134
3,0.3001742362976074,163.27146911621094,0.2666981816291809,156.05206298828125,0.3303030303030303,0.31212121212121213,0.84,1.0,3,50,134
4,0.25602611899375916,51.470970153808594,0.23054343461990356,46.05970764160156,0.32727272727272727,0.296969696969697,0.78,1.0,4,50,134
